{"cameraMode":{"drawMode":0,"name":"Shaded","section":"Shading Mode"},"sceneLighting":false,"audioPlay":false,"sceneViewState":{"showFog":true,"showMaterialUpdate":false,"showSkybox":true,"showFlares":true,"showImageEffects":true,"showParticleSystems":true},"in2DMode":false,"pivot":{"x":1400.01513671875,"y":775.9947509765625,"z":791.027587890625},"rotation":{"x":0.005690352059900761,"y":-0.011089597828686238,"z":-0.00007160133100114763,"w":-0.9999347925186157},"size":2012.5968017578125,"orthographic":false}