{"cameraMode":{"drawMode":0,"name":"Shaded","section":"Shading Mode"},"sceneLighting":false,"audioPlay":false,"sceneViewState":{"showFog":true,"showMaterialUpdate":false,"showSkybox":true,"showFlares":true,"showImageEffects":true,"showParticleSystems":true},"in2DMode":false,"pivot":{"x":-2227.37060546875,"y":-116.85888671875,"z":1268.317138671875},"rotation":{"x":-0.16260966658592225,"y":0.0748215913772583,"z":-0.012374090030789376,"w":-0.983785092830658},"size":5080.845703125,"orthographic":false}