{"cameraMode":{"drawMode":0,"name":"Shaded","section":"Shading Mode"},"sceneLighting":false,"audioPlay":false,"sceneViewState":{"showFog":true,"showMaterialUpdate":false,"showSkybox":false,"showFlares":true,"showImageEffects":true,"showParticleSystems":true},"in2DMode":false,"pivot":{"x":4.653311252593994,"y":-1.3901517391204835,"z":-4.753026962280273},"rotation":{"x":-0.05862392857670784,"y":-0.9163228273391724,"z":0.1458132117986679,"w":-0.3683355450630188},"size":9.881032943725586,"orthographic":false}