{"cameraMode":{"drawMode":0,"name":"Shaded","section":"Shading Mode"},"sceneLighting":false,"audioPlay":false,"sceneViewState":{"showFog":true,"showMaterialUpdate":false,"showSkybox":true,"showFlares":true,"showImageEffects":true,"showParticleSystems":true},"in2DMode":false,"pivot":{"x":1018.83251953125,"y":394.74859619140627,"z":803.82177734375},"rotation":{"x":0.005690352059900761,"y":-0.011089597828686238,"z":-0.00007160133100114763,"w":-0.9999347925186157},"size":2400.05908203125,"orthographic":false}